attempts,damping,epoch,loss_epoch,loss_step,step
1.0,0.00010000000474974513,0,,0.23697349429130554,4
5.0,10000000000.0,0,,0.25,8
,,0,0.269571453332901,,8
