attempts,damping,epoch,loss_epoch,loss_step,step
3.0,10000000000.0,0,,0.3499999940395355,1
,,0,0.3499999940395355,,1
