attempts,damping,epoch,loss_epoch,loss_step,step
5.0,10000000000.0,0,,0.30000001192092896,4
,,0,0.2719205617904663,,4
