attempts,damping,epoch,loss_epoch,loss_step,step
3.0,10000000000.0,0,,0.4000000059604645,1
,,0,0.42500001192092896,,1
